–í–µ—Ç–∫–∞,–ù–æ–º–µ—Ä –≤–æ–ø—Ä–æ—Å–∞,–í—ã–±–æ—Ä –ø–æ–ª—å–∑–æ–≤–∞—Ç–µ–ª—è,–í–≤–æ–¥–Ω–∞—è,–í–∞—Ä–∏–∞–Ω—Ç –≤–æ–ø—Ä–æ—Å–∞,–ü–æ–¥—Ç–≤–µ—Ä–∂–¥–µ–Ω–∏–µ –≤—ã–±–æ—Ä–∞,–°–ª–µ–¥—É—é—â–∏–π –≤–æ–ø—Ä–æ—Å,–°–æ–≤–µ—Ç,–§–∏–Ω–∞–ª,–≠–º–æ–¥–∑–∏
1,1,1,"–î–æ–±—Ä–æ –ø–æ–∂–∞–ª–æ–≤–∞—Ç—å –≤ –º–∏—Ä –≤–æ–∑–º–æ–∂–Ω–æ—Å—Ç–µ–π! –≠—Ç–æ—Ç –æ–ø—Ä–æ—Å –ø–æ–º–æ–∂–µ—Ç —Ç–µ–±–µ –ª—É—á—à–µ –ø–æ–Ω—è—Ç—å —Å–µ–±—è –∏ —Å–≤–æ–∏ —Ü–µ–ª–∏. –¢—ã —É–∑–Ω–∞–µ—à—å, –∫–∞–∫–æ–π —É —Ç–µ–±—è —Å—Ç–∏–ª—å, –∫–∞–∫–∏–µ —à–∞–≥–∏ —É–∂–µ —Å–¥–µ–ª–∞–Ω—ã –∏ –∫–∞–∫ –¥–≤–∏–≥–∞—Ç—å—Å—è –¥–∞–ª—å—à–µ.",–ù–∞—á–∞—Ç—å –æ–ø—Ä–æ—Å,–û—Ç–ª–∏—á–Ω–æ! –ü—Ä–∏—Å—Ç—É–ø–∏–º –∫ –∞–Ω–∞–ª–∏–∑—É.,1,,–ù–µ—Ç,üöÄ
1,1,2,"–£—Å–ø–µ—Ö ‚Äî —ç—Ç–æ –Ω–µ –ø—Ä–æ—Å—Ç–æ –¥–µ–Ω—å–≥–∏ –∏–ª–∏ –∫–∞—Ä—å–µ—Ä–∞. –≠—Ç–æ —Å–æ—Å—Ç–æ—è–Ω–∏–µ, –∫–æ—Ç–æ—Ä–æ–µ –∑–∞–≤–∏—Å–∏—Ç –æ—Ç —Ç–≤–æ–∏—Ö —Ü–µ–ª–µ–π, –ø—Ä–∏–≤—ã—á–µ–∫ –∏ –≤–Ω—É—Ç—Ä–µ–Ω–Ω–µ–π –≥–∞—Ä–º–æ–Ω–∏–∏. –ù–æ –±–µ–∑ –ø–æ–Ω–∏–º–∞–Ω–∏—è —Å–≤–æ–∏—Ö –∂–µ–ª–∞–Ω–∏–π –ª–µ–≥–∫–æ –ø–æ—Ç–µ—Ä—è—Ç—å—Å—è —Å—Ä–µ–¥–∏ —á—É–∂–∏—Ö –æ–∂–∏–¥–∞–Ω–∏–π. –≠—Ç–æ—Ç –æ–ø—Ä–æ—Å –ø–æ–º–æ–∂–µ—Ç —Ç–µ–±–µ –Ω–∞–π—Ç–∏ —Å–≤–æ–π –ø—É—Ç—å –∫ —É—Å–ø–µ—Ö—É.","–•–æ—á—É –ø–æ–Ω—è—Ç—å, —á–µ–≥–æ —Ö–æ—á—É","–•–æ—Ä–æ—à–æ, —Ç—ã —Ö–æ—á–µ—à—å —Ä–∞–∑–æ–±—Ä–∞—Ç—å—Å—è –≤ —Å–µ–±–µ ‚Äî –æ—Ç–ª–∏—á–Ω–æ–µ –Ω–∞—á–∞–ª–æ! –°–µ–π—á–∞—Å –º—ã –ø–æ–º–æ–∂–µ–º —Ç–µ–±–µ –æ–ø—Ä–µ–¥–µ–ª–∏—Ç—å—Å—è —Å –Ω–∞–ø—Ä–∞–≤–ª–µ–Ω–∏–µ–º.",2,"*–õ—é–±–æ–∑–Ω–∞—Ç–µ–ª—å–Ω—ã–π –∏—Å—Å–ª–µ–¥–æ–≤–∞—Ç–µ–ª—å*
–¢—ã —Å—Ç–æ–∏—à—å –Ω–∞ –ø–æ—Ä–æ–≥–µ –≤–∞–∂–Ω–æ–≥–æ –ø—É—Ç–µ—à–µ—Å—Ç–≤–∏—è ‚Äî –ø–æ–∏—Å–∫–∞ —Å–≤–æ–µ–≥–æ –ø—É—Ç–∏. –ù–µ —Å–ø–µ—à–∏, –∑–∞–¥–∞–≤–∞–π —Å–µ–±–µ –≤–æ–ø—Ä–æ—Å—ã, –∏ –æ—Ç–≤–µ—Ç—ã –ø—Ä–∏–¥—É—Ç —Å–∞–º–∏.",–ù–µ—Ç,üîç
1,1,3,"–£—Å–ø–µ—Ö ‚Äî —ç—Ç–æ –Ω–µ –ø—Ä–æ—Å—Ç–æ –¥–µ–Ω—å–≥–∏ –∏–ª–∏ –∫–∞—Ä—å–µ—Ä–∞. –≠—Ç–æ —Å–æ—Å—Ç–æ—è–Ω–∏–µ, –∫–æ—Ç–æ—Ä–æ–µ –∑–∞–≤–∏—Å–∏—Ç –æ—Ç —Ç–≤–æ–∏—Ö —Ü–µ–ª–µ–π, –ø—Ä–∏–≤—ã—á–µ–∫ –∏ –≤–Ω—É—Ç—Ä–µ–Ω–Ω–µ–π –≥–∞—Ä–º–æ–Ω–∏–∏. –ù–æ –±–µ–∑ –ø–æ–Ω–∏–º–∞–Ω–∏—è —Å–≤–æ–∏—Ö –∂–µ–ª–∞–Ω–∏–π –ª–µ–≥–∫–æ –ø–æ—Ç–µ—Ä—è—Ç—å—Å—è —Å—Ä–µ–¥–∏ —á—É–∂–Ω—ã—Ö –æ–∂–∏–¥–∞–Ω–∏–π. –≠—Ç–æ—Ç –æ–ø—Ä–æ—Å –ø–æ–º–æ–∂–µ—Ç —Ç–µ–±–µ –Ω–∞–π—Ç–∏ —Å–≤–æ–π –ø—É—Ç—å –∫ —É—Å–ø–µ—Ö—É.","–•–æ—á—É –±—ã—Ç—å –±–æ–ª–µ–µ –ø—Ä–æ–¥—É–∫—Ç–∏–≤–Ω—ã–º","–û—Ç–ª–∏—á–Ω–æ, —Ç—ã —Ö–æ—á–µ—à—å –ø–æ–≤—ã—Å–∏—Ç—å —Å–≤–æ—é —ç—Ñ—Ñ–µ–∫—Ç–∏–≤–Ω–æ—Å—Ç—å. –°–µ–π—á–∞—Å –º—ã –ø–æ–¥–±–µ—Ä—ë–º —Ç–µ–±–µ –ø–æ–¥—Ö–æ–¥—è—â—É—é —Å–∏—Å—Ç–µ–º—É.",2,"*–°—Ç—Ä–µ–º—è—â–∏–π—Å—è –∫ –ø–æ—Ä—è–¥–∫—É*
–¢—ã —á—É–≤—Å—Ç–≤—É–µ—à—å, —á—Ç–æ –º–æ–∂–µ—à—å —Ä–∞–±–æ—Ç–∞—Ç—å –ª—É—á—à–µ, –∏ –≥–æ—Ç–æ–≤ –∫ –∏–∑–º–µ–Ω–µ–Ω–∏—è–º. –≠—Ç–æ –≤–∞–∂–Ω—ã–π —à–∞–≥ –Ω–∞ –ø—É—Ç–∏ –∫ —É—Å–ø–µ—Ö—É.",–ù–µ—Ç,üìÖ
1,1,4,"–£—Å–ø–µ—Ö ‚Äî —ç—Ç–æ –Ω–µ –ø—Ä–æ—Å—Ç–æ –¥–µ–Ω—å–≥–∏ –∏–ª–∏ –∫–∞—Ä—å–µ—Ä–∞. –≠—Ç–æ —Å–æ—Å—Ç–æ—è–Ω–∏–µ, –∫–æ—Ç–æ—Ä–æ–µ –∑–∞–≤–∏—Å–∏—Ç –æ—Ç —Ç–≤–æ–∏—Ö —Ü–µ–ª–µ–π, –ø—Ä–∏–≤—ã—á–µ–∫ –∏ –≤–Ω—É—Ç—Ä–µ–Ω–Ω–µ–π –≥–∞—Ä–º–æ–Ω–∏–∏. –ù–æ –±–µ–∑ –ø–æ–Ω–∏–º–∞–Ω–∏—è —Å–≤–æ–∏—Ö –∂–µ–ª–∞–Ω–∏–π –ª–µ–≥–∫–æ –ø–æ—Ç–µ—Ä—è—Ç—å—Å—è —Å—Ä–µ–¥–∏ —á—É–∂–Ω—ã—Ö –æ–∂–∏–¥–∞–Ω–∏–π. –≠—Ç–æ—Ç –æ–ø—Ä–æ—Å –ø–æ–º–æ–∂–µ—Ç —Ç–µ–±–µ –Ω–∞–π—Ç–∏ —Å–≤–æ–π –ø—É—Ç—å –∫ —É—Å–ø–µ—Ö—É.","–•–æ—á—É –±—ã—Ç—å —Å—á–∞—Å—Ç–ª–∏–≤—ã–º(–æ–π)","–û—Ç–ª–∏—á–Ω–æ, —Ç—ã —Å—Ç–∞–≤–∏—à—å –≤–∞–∂–Ω—É—é —Ü–µ–ª—å ‚Äî —Å—á–∞—Å—Ç—å–µ. –°–µ–π—á–∞—Å –º—ã –ø–æ–¥–±–µ—Ä—ë–º —Ç–µ–±–µ –ø–æ–¥—Ö–æ–¥—è—â–∏–µ –º–µ—Ç–æ–¥–∏–∫–∏.",2,"*–ò—Å–∫–∞—Ç–µ–ª—å –≥–∞—Ä–º–æ–Ω–∏–∏*
–¢—ã –ø–æ–Ω–∏–º–∞–µ—à—å, —á—Ç–æ —É—Å–ø–µ—Ö ‚Äî —ç—Ç–æ –Ω–µ —Ç–æ–ª—å–∫–æ –≤–Ω–µ—à–Ω–∏–µ –¥–æ—Å—Ç–∏–∂–µ–Ω–∏—è, –Ω–æ –∏ –≤–Ω—É—Ç—Ä–µ–Ω–Ω–∏–π –∫–æ–º—Ñ–æ—Ä—Ç. –≠—Ç–æ –∑—Ä–µ–ª—ã–π –≤–∑–≥–ª—è–¥ –Ω–∞ –∂–∏–∑–Ω—å.",–ù–µ—Ç,üßò
1,1,5,"–£—Å–ø–µ—Ö ‚Äî —ç—Ç–æ –Ω–µ –ø—Ä–æ—Å—Ç–æ –¥–µ–Ω—å–≥–∏ –∏–ª–∏ –∫–∞—Ä—å–µ—Ä–∞. –≠—Ç–æ —Å–æ—Å—Ç–æ—è–Ω–∏–µ, –∫–æ—Ç–æ—Ä–æ–µ –∑–∞–≤–∏—Å–∏—Ç –æ—Ç —Ç–≤–æ–∏—Ö —Ü–µ–ª–µ–π, –ø—Ä–∏–≤—ã—á–µ–∫ –∏ –≤–Ω—É—Ç—Ä–µ–Ω–Ω–µ–π –≥–∞—Ä–º–æ–Ω–∏–∏. –ù–æ –±–µ–∑ –ø–æ–Ω–∏–º–∞–Ω–∏—è —Å–≤–æ–∏—Ö –∂–µ–ª–∞–Ω–∏–π –ª–µ–≥–∫–æ –ø–æ—Ç–µ—Ä—è—Ç—å—Å—è —Å—Ä–µ–¥–∏ —á—É–∂–Ω—ã—Ö –æ–∂–∏–¥–∞–Ω–∏–π. –≠—Ç–æ—Ç –æ–ø—Ä–æ—Å –ø–æ–º–æ–∂–µ—Ç —Ç–µ–±–µ –Ω–∞–π—Ç–∏ —Å–≤–æ–π –ø—É—Ç—å –∫ —É—Å–ø–µ—Ö—É.","–•–æ—á—É —Ä–∞–∑–≤–∏–≤–∞—Ç—å—Å—è, –Ω–æ –Ω–µ –∑–Ω–∞—é –∫–∞–∫","–ù–µ —Å—Ç—Ä–∞—à–Ω–æ, —Ç—ã —É–∂–µ —Å–¥–µ–ª–∞–ª –ø–µ—Ä–≤—ã–π —à–∞–≥ ‚Äî —Ä–µ—à–∏–ª –∏–∑–º–µ–Ω–∏—Ç—å—Å—è. –ú—ã –ø–æ–º–æ–∂–µ–º —Ç–µ–±–µ —Ä–∞–∑–æ–±—Ä–∞—Ç—å—Å—è.",2,"*–õ—é–±–æ–∑–Ω–∞—Ç–µ–ª—å–Ω—ã–π –Ω–æ–≤–∏—á–æ–∫*
–¢—ã –µ—â—ë –Ω–µ –Ω–∞—à—ë–ª —Å–≤–æ–π –ø—É—Ç—å, –Ω–æ —É–∂–µ –∑–Ω–∞–µ—à—å, —á—Ç–æ —Ö–æ—á–µ—à—å –µ–≥–æ –Ω–∞–π—Ç–∏. –≠—Ç–æ –≤–∞–∂–Ω–µ–µ, —á–µ–º —Ç—ã –¥—É–º–∞–µ—à—å.",–ù–µ—Ç,‚ùì
1,2,6,"–ü–æ–Ω–∏–º–∞–Ω–∏–µ —Ç–≤–æ–µ–≥–æ —É—Ä–æ–≤–Ω—è —Ä–∞–∑–≤–∏—Ç–∏—è –ø–æ–∑–≤–æ–ª–∏—Ç –Ω–∞–º –ø—Ä–µ–¥–ª–æ–∂–∏—Ç—å —Ç–µ–±–µ –¥–µ–π—Å—Ç–≤–∏—Ç–µ–ª—å–Ω–æ –ø–æ–ª–µ–∑–Ω—É—é –∏–Ω—Ñ–æ—Ä–º–∞—Ü–∏—é ‚Äî –æ—Ç –±–∞–∑–æ–≤—ã—Ö –∫–Ω–∏–≥ –¥–æ –ø—Ä–æ–¥–≤–∏–Ω—É—Ç—ã—Ö —Ç–µ—Ö–Ω–∏–∫. –¢—ã –º–æ–∂–µ—à—å –±—ã—Ç—å –Ω–æ–≤–∏—á–∫–æ–º, –∞ –º–æ–∂–µ—à—å —É–∂–µ –ø—Ä–∏–º–µ–Ω—è—Ç—å –ø—Ä–∏–Ω—Ü–∏–ø—ã —Å–∞–º–æ—Ä–∞–∑–≤–∏—Ç–∏—è. –ß–µ—Å—Ç–Ω—ã–π –æ—Ç–≤–µ—Ç –ø–æ–º–æ–∂–µ—Ç —Ç–æ—á–Ω–µ–µ –ø–æ–¥–æ–±—Ä–∞—Ç—å —Ä–µ–∫–æ–º–µ–Ω–¥–∞—Ü–∏–∏.",–ü–æ—á—Ç–∏ –Ω–∏—á–µ–≥–æ –Ω–µ –∑–Ω–∞—é,–ù–µ —Å—Ç—Ä–∞—à–Ω–æ ‚Äî –≤—Å–µ –Ω–∞—á–∏–Ω–∞–ª–∏ —Å —ç—Ç–æ–≥–æ. –ú—ã –ø–æ–º–æ–∂–µ–º —Ç–µ–±–µ –æ—Å–≤–æ–∏—Ç—å—Å—è.,3,"*–ù–æ–≤–∏—á–æ–∫*
–¢—ã –æ–±–ª–∞–¥–∞–µ—à—å –ø–æ—Ç–µ–Ω—Ü–∏–∞–ª–æ–º, –∫–æ—Ç–æ—Ä—ã–π —Ç–æ–ª—å–∫–æ –ø—Ä–µ–¥—Å—Ç–æ–∏—Ç —Ä–∞—Å–∫—Ä—ã—Ç—å. –ì–ª–∞–≤–Ω–æ–µ ‚Äî –Ω–∞—á–∞—Ç—å —Å –º–∞–ª–æ–≥–æ –∏ –¥–≤–∏–≥–∞—Ç—å—Å—è –ø–æ—Å—Ç–µ–ø–µ–Ω–Ω–æ.",–ù–µ—Ç,‚ùì
1,2,7,"–ü–æ–Ω–∏–º–∞–Ω–∏–µ —Ç–≤–æ–µ–≥–æ —É—Ä–æ–≤–Ω—è —Ä–∞–∑–≤–∏—Ç–∏—è –ø–æ–∑–≤–æ–ª–∏—Ç –Ω–∞–º –ø—Ä–µ–¥–ª–æ–∂–∏—Ç—å —Ç–µ–±–µ –¥–µ–π—Å—Ç–≤–∏—Ç–µ–ª—å–Ω–æ –ø–æ–ª–µ–∑–Ω—É—é –∏–Ω—Ñ–æ—Ä–º–∞—Ü–∏—é ‚Äî –æ—Ç –±–∞–∑–æ–≤—ã—Ö –∫–Ω–∏–≥ –¥–æ –ø—Ä–æ–¥–≤–∏–Ω—É—Ç—ã—Ö —Ç–µ—Ö–Ω–∏–∫. –¢—ã –º–æ–∂–µ—à—å –±—ã—Ç—å –Ω–æ–≤–∏—á–∫–æ–º, –∞ –º–æ–∂–µ—à—å —É–∂–µ –ø—Ä–∏–º–µ–Ω—è—Ç—å –ø—Ä–∏–Ω—Ü–∏–ø—ã —Å–∞–º–æ—Ä–∞–∑–≤–∏—Ç–∏—è. –ß–µ—Å—Ç–Ω—ã–π –æ—Ç–≤–µ—Ç –ø–æ–º–æ–∂–µ—Ç —Ç–æ—á–Ω–µ–µ –ø–æ–¥–æ–±—Ä–∞—Ç—å —Ä–µ–∫–æ–º–µ–Ω–¥–∞—Ü–∏–∏.",–ß–∏—Ç–∞–ª(–∞) –∫–Ω–∏–≥–∏/—Å–º–æ—Ç—Ä–µ–ª(–∞) —Ä–æ–ª–∏–∫–∏,"–•–æ—Ä–æ—à–æ, —Ç—ã —É–∂–µ —Å–¥–µ–ª–∞–ª(–∞) –ø–µ—Ä–≤—ã–π —à–∞–≥. –¢–µ–ø–µ—Ä—å –¥–∞–≤–∞–π —É–≥–ª—É–±–∏–º—Å—è.",3,"*–ù–∞—á–∏–Ω–∞—é—â–∏–π*
–¢—ã —É–∂–µ –≤ —Ç–µ–º–µ, –Ω–æ —Ç–æ–ª—å–∫–æ –Ω–∞—á–∏–Ω–∞–µ—à—å –æ—Å–≤–∞–∏–≤–∞—Ç—å –ø—Ä–∞–∫—Ç–∏—á–µ—Å–∫–∏–µ –∞—Å–ø–µ–∫—Ç—ã. –≠—Ç–æ –ø—Ä–∞–≤–∏–ª—å–Ω—ã–π —ç—Ç–∞–ø –¥–ª—è —Ä–∞–∑–≤–∏—Ç–∏—è.",–ù–µ—Ç,üìö
1,2,8,"–ü–æ–Ω–∏–º–∞–Ω–∏–µ —Ç–≤–æ–µ–≥–æ —É—Ä–æ–≤–Ω—è —Ä–∞–∑–≤–∏—Ç–∏—è –ø–æ–∑–≤–æ–ª–∏—Ç –Ω–∞–º –ø—Ä–µ–¥–ª–æ–∂–∏—Ç—å —Ç–µ–±–µ –¥–µ–π—Å—Ç–≤–∏—Ç–µ–ª—å–Ω–æ –ø–æ–ª–µ–∑–Ω—É—é –∏–Ω—Ñ–æ—Ä–º–∞—Ü–∏—é ‚Äî –æ—Ç –±–∞–∑–æ–≤—ã—Ö –∫–Ω–∏–≥ –¥–æ –ø—Ä–æ–¥–≤–∏–Ω—É—Ç—ã—Ö —Ç–µ—Ö–Ω–∏–∫. –¢—ã –º–æ–∂–µ—à—å –±—ã—Ç—å –Ω–æ–≤–∏—á–∫–æ–º, –∞ –º–æ–∂–µ—à—å —É–∂–µ –ø—Ä–∏–º–µ–Ω—è—Ç—å –ø—Ä–∏–Ω—Ü–∏–ø—ã —Å–∞–º–æ—Ä–∞–∑–≤–∏—Ç–∏—è. –ß–µ—Å—Ç–Ω—ã–π –æ—Ç–≤–µ—Ç –ø–æ–º–æ–∂–µ—Ç —Ç–æ—á–Ω–µ–µ –ø–æ–¥–æ–±—Ä–∞—Ç—å —Ä–µ–∫–æ–º–µ–Ω–¥–∞—Ü–∏–∏.","–ï—Å—Ç—å –±–∞–∑–æ–≤–æ–µ –ø–æ–Ω–∏–º–∞–Ω–∏–µ (—Ü–µ–ª–∏, –ø—Ä–∏–≤—ã—á–∫–∏, –º–æ—Ç–∏–≤–∞—Ü–∏—è)","–û—Ç–ª–∏—á–Ω–æ, —É —Ç–µ–±—è –µ—Å—Ç—å –±–∞–∑–∞. –¢–µ–ø–µ—Ä—å –º–æ–∂–Ω–æ –ø–µ—Ä–µ—Ö–æ–¥–∏—Ç—å –∫ —Å–ª–µ–¥—É—é—â–µ–º—É —É—Ä–æ–≤–Ω—é.",3,"*–ò–º–µ–µ—Ç –±–∞–∑–æ–≤–æ–µ –ø–æ–Ω–∏–º–∞–Ω–∏–µ*
–¢—ã —É–∂–µ –≤–ª–∞–¥–µ–µ—à—å –∫–ª—é—á–µ–≤—ã–º–∏ –ø–æ–Ω—è—Ç–∏—è–º–∏ –∏ –≥–æ—Ç–æ–≤ –∫ –±–æ–ª–µ–µ –≥–ª—É–±–æ–∫–æ–º—É –ø–æ–≥—Ä—É–∂–µ–Ω–∏—é.",–ù–µ—Ç,‚úÖ
1,2,9,"–ü–æ–Ω–∏–º–∞–Ω–∏–µ —Ç–≤–æ–µ–≥–æ —É—Ä–æ–≤–Ω—è —Ä–∞–∑–≤–∏—Ç–∏—è –ø–æ–∑–≤–æ–ª–∏—Ç –Ω–∞–º –ø—Ä–µ–¥–ª–æ–∂–∏—Ç—å —Ç–µ–±–µ –¥–µ–π—Å—Ç–≤–∏—Ç–µ–ª—å–Ω–æ –ø–æ–ª–µ–∑–Ω—É—é –∏–Ω—Ñ–æ—Ä–º–∞—Ü–∏—é ‚Äî –æ—Ç –±–∞–∑–æ–≤—ã—Ö –∫–Ω–∏–≥ –¥–æ –ø—Ä–æ–¥–≤–∏–Ω—É—Ç—ã—Ö —Ç–µ—Ö–Ω–∏–∫. –¢—ã –º–æ–∂–µ—à—å –±—ã—Ç—å –Ω–æ–≤–∏—á–∫–æ–º, –∞ –º–æ–∂–µ—à—å —É–∂–µ –ø—Ä–∏–º–µ–Ω—è—Ç—å –ø—Ä–∏–Ω—Ü–∏–ø—ã —Å–∞–º–æ—Ä–∞–∑–≤–∏—Ç–∏—è. –ß–µ—Å—Ç–Ω—ã–π –æ—Ç–≤–µ—Ç –ø–æ–º–æ–∂–µ—Ç —Ç–æ—á–Ω–µ–µ –ø–æ–¥–æ–±—Ä–∞—Ç—å —Ä–µ–∫–æ–º–µ–Ω–¥–∞—Ü–∏–∏.",–†–∞–∑–±–∏—Ä–∞—é—Å—å –≤ –æ—Å–Ω–æ–≤–∞—Ö –∏ –ø—Ä–∞–∫—Ç–∏–∫—É—é—Å—å,"–ü—Ä–µ–∫—Ä–∞—Å–Ω–æ, —Ç—ã —É–∂–µ –æ–ø—ã—Ç–Ω—ã–π. –°–µ–π—á–∞—Å —è –ø–æ–º–æ–≥—É —Ç–µ–±–µ —É–ª—É—á—à–∏—Ç—å —Å—Ç—Ä–∞—Ç–µ–≥–∏—é.",3,"*–†–∞–∑–≤–∏—Ç—ã–π –ø–æ–ª—å–∑–æ–≤–∞—Ç–µ–ª—å*
–¢—ã –Ω–∞—Ö–æ–¥–∏—à—å—Å—è –Ω–∞ –≤—ã—Å–æ–∫–æ–º —É—Ä–æ–≤–Ω–µ –ø–æ–Ω–∏–º–∞–Ω–∏—è –∏ –≥–æ—Ç–æ–≤ –∫ –ø—Ä–æ—Ñ–µ—Å—Å–∏–æ–Ω–∞–ª—å–Ω–æ–º—É —Ä–æ—Å—Ç—É.",–ù–µ—Ç,üéØ
1,3,10,"–ì–æ—Ç–æ–≤–Ω–æ—Å—Ç—å –∫ –¥–µ–π—Å—Ç–≤–∏—è–º ‚Äî –∫–ª—é—á–µ–≤–æ–π —Ñ–∞–∫—Ç–æ—Ä –≤ –¥–æ—Å—Ç–∏–∂–µ–Ω–∏–∏ —É—Å–ø–µ—Ö–∞. –ö—Ç–æ-—Ç–æ –ø—Ä–µ–¥–ø–æ—á–∏—Ç–∞–µ—Ç –ø–ª–∞–Ω–∏—Ä–æ–≤–∞—Ç—å, –∫—Ç–æ-—Ç–æ –¥–µ–π—Å—Ç–≤—É–µ—Ç –∏–º–ø—É–ª—å—Å–∏–≤–Ω–æ. –≠—Ç–æ –≤–ª–∏—è–µ—Ç –Ω–∞ —Ç–æ, –Ω–∞—Å–∫–æ–ª—å–∫–æ —ç—Ñ—Ñ–µ–∫—Ç–∏–≤–Ω–æ —Ç—ã –¥–æ—Å—Ç–∏–≥–∞–µ—à—å —Ü–µ–ª–µ–π. –î–∞–≤–∞–π —Ä–∞–∑–±–µ—Ä—ë–º—Å—è, –∫–∞–∫–æ–π —Å—Ç–∏–ª—å —É —Ç–µ–±—è.","–ü–ª–∞–Ω–∏—Ä—É—é –≤—Å—ë –∑–∞—Ä–∞–Ω–µ–µ","–û—Ç–ª–∏—á–Ω–æ, —Ç—ã –ø–ª–∞–Ω–∏—Ä—É–µ—à—å –≤—Å—ë –∑–∞—Ä–∞–Ω–µ–µ ‚Äî —ç—Ç–æ —Ä–∞–∑—É–º–Ω—ã–π –ø–æ–¥—Ö–æ–¥.",4,"*–û—Ä–≥–∞–Ω–∏–∑–æ–≤–∞–Ω–Ω—ã–π —Å—Ç—Ä–∞—Ç–µ–≥*
–¢—ã –ª—é–±–∏—à—å –ø–ª–∞–Ω–∏—Ä–æ–≤–∞—Ç—å, —Å—Ç–∞–≤–∏—Ç—å –∑–∞–¥–∞—á–∏ –∏ –¥–≤–∏–≥–∞—Ç—å—Å—è –∫ –Ω–∏–º —à–∞–≥ –∑–∞ —à–∞–≥–æ–º. –≠—Ç–æ –º–æ—â–Ω–∞—è —Å—Ç—Ä–∞—Ç–µ–≥–∏—è, –µ—Å–ª–∏ —Ç—ã —É–º–µ–µ—à—å –∞–¥–∞–ø—Ç–∏—Ä–æ–≤–∞—Ç—å—Å—è.",–ù–µ—Ç,üìä
1,3,11,"–ì–æ—Ç–æ–≤–Ω–æ—Å—Ç—å –∫ –¥–µ–π—Å—Ç–≤–∏—è–º ‚Äî –∫–ª—é—á–µ–≤–æ–π —Ñ–∞–∫—Ç–æ—Ä –≤ –¥–æ—Å—Ç–∏–∂–µ–Ω–∏–∏ —É—Å–ø–µ—Ö–∞. –ö—Ç–æ-—Ç–æ –ø—Ä–µ–¥–ø–æ—á–∏—Ç–∞–µ—Ç –ø–ª–∞–Ω–∏—Ä–æ–≤–∞—Ç—å, –∫—Ç–æ-—Ç–æ –¥–µ–π—Å—Ç–≤—É–µ—Ç –∏–º–ø—É–ª—å—Å–∏–≤–Ω–æ. –≠—Ç–æ –≤–ª–∏—è–µ—Ç –Ω–∞ —Ç–æ, –Ω–∞—Å–∫–æ–ª—å–∫–æ —ç—Ñ—Ñ–µ–∫—Ç–∏–≤–Ω–æ —Ç—ã –¥–æ—Å—Ç–∏–≥–∞–µ—à—å —Ü–µ–ª–µ–π. –î–∞–≤–∞–π —Ä–∞–∑–±–µ—Ä—ë–º—Å—è, –∫–∞–∫–æ–π —Å—Ç–∏–ª—å —É —Ç–µ–±—è.","–î–µ–π—Å—Ç–≤—É—é –∏–º–ø—É–ª—å—Å–∏–≤–Ω–æ, –Ω–æ —á–∞—Å—Ç–æ —Ç–µ—Ä—è—é —Ñ–æ–∫—É—Å","–•–æ—Ä–æ—à–æ, —Ç—ã —Å–∫–ª–æ–Ω–µ–Ω –∫ –∏–º–ø—É–ª—å—Å–∏–≤–Ω—ã–º –¥–µ–π—Å—Ç–≤–∏—è–º. –°–µ–π—á–∞—Å –º—ã –Ω–∞–π–¥—ë–º —Å–ø–æ—Å–æ–± —Å–¥–µ–ª–∞—Ç—å –∏—Ö –±–æ–ª–µ–µ —É–ø—Ä–∞–≤–ª—è–µ–º—ã–º–∏.",4,"*–ò–º–ø—É–ª—å—Å–∏–≤–Ω—ã–π –º–µ—á—Ç–∞—Ç–µ–ª—å*
–¢—ã –ø–æ–ª–æ–Ω –∏–¥–µ–π –∏ —ç–Ω–µ—Ä–≥–∏–∏, –Ω–æ –∏–Ω–æ–≥–¥–∞ —Ç–µ—Ä—è–µ—à—å —Ñ–æ–∫—É—Å. –ó–∞–¥–∞—á–∞ ‚Äî –Ω–∞—É—á–∏—Ç—å—Å—è –∫–æ–Ω—Ü–µ–Ω—Ç—Ä–∞—Ü–∏–∏ –∏ —Å—Ç—Ä—É–∫—Ç—É—Ä–∏—Ä–æ–≤–∞—Ç—å –¥–µ–π—Å—Ç–≤–∏—è.",–ù–µ—Ç,üåÄ
1,3,12,"–ì–æ—Ç–æ–≤–Ω–æ—Å—Ç—å –∫ –¥–µ–π—Å—Ç–≤–∏—è–º ‚Äî –∫–ª—é—á–µ–≤–æ–π —Ñ–∞–∫—Ç–æ—Ä –≤ –¥–æ—Å—Ç–∏–∂–µ–Ω–∏–∏ —É—Å–ø–µ—Ö–∞. –ö—Ç–æ-—Ç–æ –ø—Ä–µ–¥–ø–æ—á–∏—Ç–∞–µ—Ç –ø–ª–∞–Ω–∏—Ä–æ–≤–∞—Ç—å, –∫—Ç–æ-—Ç–æ –¥–µ–π—Å—Ç–≤—É–µ—Ç –∏–º–ø—É–ª—å—Å–∏–≤–Ω–æ. –≠—Ç–æ –≤–ª–∏—è–µ—Ç –Ω–∞ —Ç–æ, –Ω–∞—Å–∫–æ–ª—å–∫–æ —ç—Ñ—Ñ–µ–∫—Ç–∏–≤–Ω–æ —Ç—ã –¥–æ—Å—Ç–∏–≥–∞–µ—à—å —Ü–µ–ª–µ–π. –î–∞–≤–∞–π —Ä–∞–∑–±–µ—Ä—ë–º—Å—è, –∫–∞–∫–æ–π —Å—Ç–∏–ª—å —É —Ç–µ–±—è.","–î–µ–π—Å—Ç–≤—É—é, –Ω–æ –Ω–µ –≤—Å–µ–≥–¥–∞ —É–≤–µ—Ä–µ–Ω(–∞) –≤ —Ä–µ–∑—É–ª—å—Ç–∞—Ç–µ","–•–æ—Ä–æ—à–æ, —Ç—ã –¥–µ–π—Å—Ç–≤—É–µ—à—å, –Ω–æ –Ω–µ –≤—Å–µ–≥–¥–∞ –≤–∏–¥–∏—à—å —Ä–µ–∑—É–ª—å—Ç–∞—Ç. –°–µ–π—á–∞—Å –º—ã –ø–æ–¥–±–µ—Ä—ë–º —Ç–µ–±–µ —Å—Ç—Ä–∞—Ç–µ–≥–∏—é.",4,"*–ü—Ä–∞–∫—Ç–∏–∫—É—é—â–∏–π —Å–æ–º–Ω–µ–≤–∞—é—â–∏–π—Å—è*
–¢—ã —É–∂–µ –¥–µ–ª–∞–µ—à—å —à–∞–≥–∏, –Ω–æ –Ω–µ –≤—Å–µ–≥–¥–∞ –≤–µ—Ä–∏—à—å –≤ –Ω–∏—Ö. –ì–ª–∞–≤–Ω–æ–µ ‚Äî –Ω–∞—á–∞—Ç—å –≤–∏–¥–µ—Ç—å –ø—Ä–æ–≥—Ä–µ—Å—Å –∏ —É—á–∏—Ç—å—Å—è –Ω–∞ –æ–ø—ã—Ç–µ.",–ù–µ—Ç,ü§î
1,4,14,"–ò–Ω—Å—Ç—Ä—É–º–µ–Ω—Ç—ã ‚Äî —Ç–≤–æ–π –≥–ª–∞–≤–Ω—ã–π —Ä—ã—á–∞–≥ –≤ –º–∏—Ä–µ —É—Å–ø–µ—Ö–∞. –û—Ç –≤—ã–±–æ—Ä–∞ –ø–ª–∞–Ω–∏—Ä–æ–≤—â–∏–∫–∞ –¥–æ —Å–∏—Å—Ç–µ–º—ã –ø—Ä–∏–≤—ã—á–µ–∫ ‚Äî –≤—Å—ë –≤–ª–∏—è–µ—Ç –Ω–∞ —Ç–≤–æ–π —Ä–µ–∑—É–ª—å—Ç–∞—Ç. –°–µ–π—á–∞—Å –º—ã —É–∑–Ω–∞–µ–º, –∫–∞–∫–∏–µ –∏–Ω—Å—Ç—Ä—É–º–µ–Ω—Ç—ã —Ç–µ–±–µ –±–ª–∏–∂–µ.",–ë–ª–æ–∫–Ω–æ—Ç –∏ —Ä—É—á–∫–∞,"–•–æ—Ä–æ—à–æ, —Ç—ã –¥–æ–≤–µ—Ä—è–µ—à—å –∫–ª–∞—Å—Å–∏—á–µ—Å–∫–∏–º —Ä–µ—à–µ–Ω–∏—è–º. –°–µ–π—á–∞—Å –æ–±—ä—è—Å–Ω—é, –∫–∞–∫ –∏—Å–ø–æ–ª—å–∑–æ–≤–∞—Ç—å –∏—Ö –º–∞–∫—Å–∏–º–∞–ª—å–Ω–æ —ç—Ñ—Ñ–µ–∫—Ç–∏–≤–Ω–æ.",5,"*–¢—Ä–∞–¥–∏—Ü–∏–æ–Ω–Ω—ã–π –æ—Ä–≥–∞–Ω–∏–∑–∞—Ç–æ—Ä*
–¢—ã –¥–æ–≤–µ—Ä—è–µ—à—å –ø—Ä–æ–≤–µ—Ä–µ–Ω–Ω—ã–º —Å—Ä–µ–¥—Å—Ç–≤–∞–º: –±—É–º–∞–≥–∞, —Ä—É—á–∫–∞, —Å–ø–∏—Å–æ–∫ –¥–µ–ª. –≠—Ç–æ —Ä–∞–∑—É–º–Ω—ã–π –≤—ã–±–æ—Ä –¥–ª—è —Ç–µ—Ö, –∫—Ç–æ —Ü–µ–Ω–∏—Ç —Ç–∞–∫—Ç–∏–ª—å–Ω—ã–π –∫–æ–Ω—Ç–∞–∫—Ç —Å –ø–ª–∞–Ω–æ–º.",–ù–µ—Ç,üìñ
1,4,15,"–ò–Ω—Å—Ç—Ä—É–º–µ–Ω—Ç—ã ‚Äî —Ç–≤–æ–π –≥–ª–∞–≤–Ω—ã–π —Ä—ã—á–∞–≥ –≤ –º–∏—Ä–µ —É—Å–ø–µ—Ö–∞. –û—Ç –≤—ã–±–æ—Ä–∞ –ø–ª–∞–Ω–∏—Ä–æ–≤—â–∏–∫–∞ –¥–æ —Å–∏—Å—Ç–µ–º—ã –ø—Ä–∏–≤—ã—á–µ–∫ ‚Äî –≤—Å—ë –≤–ª–∏—è–µ—Ç –Ω–∞ —Ç–≤–æ–π —Ä–µ–∑—É–ª—å—Ç–∞—Ç. –°–µ–π—á–∞—Å –º—ã —É–∑–Ω–∞–µ–º, –∫–∞–∫–∏–µ –∏–Ω—Å—Ç—Ä—É–º–µ–Ω—Ç—ã —Ç–µ–±–µ –±–ª–∏–∂–µ.",–ü—Ä–∏–ª–æ–∂–µ–Ω–∏—è –∏ —Ü–∏—Ñ—Ä–æ–≤—ã–µ —Ç—Ä–µ–∫–µ—Ä—ã,"–û—Ç–ª–∏—á–Ω–æ, —Ç—ã –≤—ã–±–∏—Ä–∞–µ—à—å —Ç–µ—Ö–Ω–æ–ª–æ–≥–∏–∏ ‚Äî —Å–µ–π—á–∞—Å —Ä–∞—Å—Å–∫–∞–∂—É, –∫–∞–∫ –∏—Ö –∏—Å–ø–æ–ª—å–∑–æ–≤–∞—Ç—å –ø—Ä–∞–≤–∏–ª—å–Ω–æ.",5,"*–¶–∏—Ñ—Ä–æ–≤–æ–π –æ—Ä–≥–∞–Ω–∏–∑–∞—Ç–æ—Ä*
–¢—ã –ª—é–±–∏—à—å –∞–≤—Ç–æ–º–∞—Ç–∏–∑–∞—Ü–∏—é, —É–≤–µ–¥–æ–º–ª–µ–Ω–∏—è –∏ –∞–Ω–∞–ª–∏—Ç–∏–∫—É. –≠—Ç–æ —É–¥–æ–±–Ω–æ, –Ω–æ –≤–∞–∂–Ω–æ –Ω–µ –ø–æ—Ç–µ—Ä—è—Ç—å —Å–≤—è–∑—å —Å —Ä–µ–∞–ª—å–Ω–æ—Å—Ç—å—é.",–ù–µ—Ç,üì±
1,4,16,"–ò–Ω—Å—Ç—Ä—É–º–µ–Ω—Ç—ã ‚Äî —Ç–≤–æ–π –≥–ª–∞–≤–Ω—ã–π —Ä—ã—á–∞–≥ –≤ –º–∏—Ä–µ —É—Å–ø–µ—Ö–∞. –û—Ç –≤—ã–±–æ—Ä–∞ –ø–ª–∞–Ω–∏—Ä–æ–≤—â–∏–∫–∞ –¥–æ —Å–∏—Å—Ç–µ–º—ã –ø—Ä–∏–≤—ã—á–µ–∫ ‚Äî –≤—Å—ë –≤–ª–∏—è–µ—Ç –Ω–∞ —Ç–≤–æ–π —Ä–µ–∑—É–ª—å—Ç–∞—Ç. –°–µ–π—á–∞—Å –º—ã —É–∑–Ω–∞–µ–º, –∫–∞–∫–∏–µ –∏–Ω—Å—Ç—Ä—É–º–µ–Ω—Ç—ã —Ç–µ–±–µ –±–ª–∏–∂–µ.",–ú–µ–¥–∏—Ç–∞—Ü–∏—è –∏ –≤–∏–∑—É–∞–ª–∏–∑–∞—Ü–∏—è,"–û—Ç–ª–∏—á–Ω–æ, —Ç—ã –∏—Å–ø–æ–ª—å–∑—É–µ—à—å –≤–Ω—É—Ç—Ä–µ–Ω–Ω–∏–µ –∏–Ω—Å—Ç—Ä—É–º–µ–Ω—Ç—ã ‚Äî —ç—Ç–æ –≤–∞–∂–Ω–∞—è —á–∞—Å—Ç—å —É—Å–ø–µ—Ö–∞.",5,"*–ú–µ–¥–∏—Ç–∏—Ä—É—é—â–∏–π –ª–∏–¥–µ—Ä*
–¢—ã –∑–Ω–∞–µ—à—å —Å–∏–ª—É –≤–Ω—É—Ç—Ä–µ–Ω–Ω–µ–≥–æ –º–∏—Ä–∞ –∏ —É–º–µ–µ—à—å —Ä–∞–±–æ—Ç–∞—Ç—å —Å –º—ã—Å–ª—è–º–∏. –≠—Ç–æ —Ä–µ–¥–∫–∏–π –∏ —Ü–µ–Ω–Ω—ã–π –Ω–∞–≤—ã–∫.",–ù–µ—Ç,üßò
1,4,17,"–ò–Ω—Å—Ç—Ä—É–º–µ–Ω—Ç—ã ‚Äî —Ç–≤–æ–π –≥–ª–∞–≤–Ω—ã–π —Ä—ã—á–∞–≥ –≤ –º–∏—Ä–µ —É—Å–ø–µ—Ö–∞. –û—Ç –≤—ã–±–æ—Ä–∞ –ø–ª–∞–Ω–∏—Ä–æ–≤—â–∏–∫–∞ –¥–æ —Å–∏—Å—Ç–µ–º—ã –ø—Ä–∏–≤—ã—á–µ–∫ ‚Äî –≤—Å—ë –≤–ª–∏—è–µ—Ç –Ω–∞ —Ç–≤–æ–π —Ä–µ–∑—É–ª—å—Ç–∞—Ç. –°–µ–π—á–∞—Å –º—ã —É–∑–Ω–∞–µ–º, –∫–∞–∫–∏–µ –∏–Ω—Å—Ç—Ä—É–º–µ–Ω—Ç—ã —Ç–µ–±–µ –±–ª–∏–∂–µ.",–ï—â–µ –Ω–µ –≤—ã–±—Ä–∞–ª,"–ï—â—ë –Ω–µ –≤—ã–±—Ä–∞–ª ‚Äî –Ω–µ –ø—Ä–æ–±–ª–µ–º–∞. –°–µ–π—á–∞—Å —è –ø–æ–º–æ–≥—É —Ç–µ–±–µ —Ä–∞–∑–æ–±—Ä–∞—Ç—å—Å—è.",5,"*–ò–Ω–¥–∏–≤–∏–¥—É–∞–ª—å–Ω—ã–π –ø–æ–¥—Ö–æ–¥*
–¢—ã –µ—â—ë –Ω–µ –æ–ø—Ä–µ–¥–µ–ª–∏–ª—Å—è ‚Äî —ç—Ç–æ –Ω–æ—Ä–º–∞–ª—å–Ω–æ. –ü–æ–ø—Ä–æ–±—É–π —Ä–∞–∑–Ω—ã–µ –º–µ—Ç–æ–¥—ã –∏ –ø–æ—Å–º–æ—Ç—Ä–∏, –∫–∞–∫–æ–π —Ç–µ–±–µ –ø–æ–¥—Ö–æ–¥–∏—Ç –±–æ–ª—å—à–µ –≤—Å–µ–≥–æ.",–ù–µ—Ç,ü§î
1,5,19,"–ö–∞–∫ —á–∞—Å—Ç–æ —Ç—ã —Ä–∞–±–æ—Ç–∞–µ—à—å –Ω–∞–¥ —Å–≤–æ–∏–º–∏ —Ü–µ–ª—è–º–∏? –†–µ–≥—É–ª—è—Ä–Ω–æ—Å—Ç—å ‚Äî –∫–ª—é—á –∫ —É—Å–ø–µ—Ö—É. –ö—Ç–æ-—Ç–æ –¥–µ–ª–∞–µ—Ç —ç—Ç–æ –∫–∞–∂–¥—ã–π –¥–µ–Ω—å, –∫—Ç–æ-—Ç–æ —Ä–∞–∑ –≤ –Ω–µ–¥–µ–ª—é, –∞ –∫—Ç–æ-—Ç–æ –∂–¥—ë—Ç –≤–¥–æ—Ö–Ω–æ–≤–µ–Ω–∏—è. –¢–≤–æ–π –≥—Ä–∞—Ñ–∏–∫ –Ω–∞–±–ª—é–¥–µ–Ω–∏–π –æ–ø—Ä–µ–¥–µ–ª–∏—Ç, –Ω–∞—Å–∫–æ–ª—å–∫–æ –∞–∫—Ç–∏–≤–Ω—ã–º –±—É–¥–µ—Ç —Ç–≤–æ–π –ø–æ–¥—Ö–æ–¥.",–ö–∞–∂–¥—ã–π –¥–µ–Ω—å,"–ê–∫—Ç–∏–≤–Ω—ã–π –∫–æ–Ω—Ç—Ä–æ–ª—å ‚Äî —ç—Ç–æ —Ä–∞–±–æ—Ç–∞. –°–µ–π—á–∞—Å —è –ø–æ–¥—Å–∫–∞–∂—É, –∫–∞–∫ –æ—Ä–≥–∞–Ω–∏–∑–æ–≤–∞—Ç—å –ø—Ä–æ—Ü–µ—Å—Å.",6,"*–ï–∂–µ–¥–Ω–µ–≤–Ω—ã–π –≤–æ–∏–Ω*
–¢—ã –∫–∞–∂–¥—ã–π –¥–µ–Ω—å –¥–≤–∏–≥–∞–µ—à—å—Å—è –∫ —Å–≤–æ–µ–π —Ü–µ–ª–∏. –≠—Ç–æ —Ç—Ä–µ–±—É–µ—Ç –¥–∏—Å—Ü–∏–ø–ª–∏–Ω—ã, –Ω–æ –ø—Ä–∏–Ω–æ—Å–∏—Ç —Ä–µ–∑—É–ª—å—Ç–∞—Ç.",–ù–µ—Ç,üìÖ
1,5,20,"–ö–∞–∫ —á–∞—Å—Ç–æ —Ç—ã —Ä–∞–±–æ—Ç–∞–µ—à—å –Ω–∞–¥ —Å–≤–æ–∏–º–∏ —Ü–µ–ª—è–º–∏? –†–µ–≥—É–ª—è—Ä–Ω–æ—Å—Ç—å ‚Äî –∫–ª—é—á –∫ —É—Å–ø–µ—Ö—É. –ö—Ç–æ-—Ç–æ –¥–µ–ª–∞–µ—Ç —ç—Ç–æ –∫–∞–∂–¥—ã–π –¥–µ–Ω—å, –∫—Ç–æ-—Ç–æ —Ä–∞–∑ –≤ –Ω–µ–¥–µ–ª—é, –∞ –∫—Ç–æ-—Ç–æ –∂–¥—ë—Ç –≤–¥–æ—Ö–Ω–æ–≤–µ–Ω–∏—è. –¢–≤–æ–π –≥—Ä–∞—Ñ–∏–∫ –Ω–∞–±–ª—é–¥–µ–Ω–∏–π –æ–ø—Ä–µ–¥–µ–ª–∏—Ç, –Ω–∞—Å–∫–æ–ª—å–∫–æ –∞–∫—Ç–∏–≤–Ω—ã–º –±—É–¥–µ—Ç —Ç–≤–æ–π –ø–æ–¥—Ö–æ–¥.",–ù–µ—Å–∫–æ–ª—å–∫–æ —Ä–∞–∑ –≤ –Ω–µ–¥–µ–ª—é,"–•–æ—Ä–æ—à–æ, —Ç—ã –∞–∫—Ç–∏–≤–µ–Ω, –Ω–æ –Ω–µ —Å–ª–∏—à–∫–æ–º. –¢–∞–∫–æ–π —Å—Ç–∏–ª—å —á–∞—Å—Ç–æ –ø—Ä–∏–Ω–æ—Å–∏—Ç —Ö–æ—Ä–æ—à–∏–µ —Ä–µ–∑—É–ª—å—Ç–∞—Ç—ã.",6,"*–ß–∞—Å—Ç–æ —Ä–∞–±–æ—Ç–∞–µ—Ç –Ω–∞–¥ —Å–æ–±–æ–π*
–¢—ã —Ä–µ–≥—É–ª—è—Ä–Ω–æ –≤–æ–∑–≤—Ä–∞—â–∞–µ—à—å—Å—è –∫ —Å–≤–æ–∏–º —Ü–µ–ª—è–º, –Ω–æ –Ω–µ –≤—ã–≥–æ—Ä–∞–µ—à—å. –≠—Ç–æ —Ä–∞–∑—É–º–Ω—ã–π –±–∞–ª–∞–Ω—Å –º–µ–∂–¥—É —Ä–∞–∑–≤–∏—Ç–∏–µ–º –∏ –æ—Ç–¥—ã—Ö–æ–º.",–ù–µ—Ç,üìÜ
1,5,21,"–ö–∞–∫ —á–∞—Å—Ç–æ —Ç—ã —Ä–∞–±–æ—Ç–∞–µ—à—å –Ω–∞–¥ —Å–≤–æ–∏–º–∏ —Ü–µ–ª—è–º–∏? –†–µ–≥—É–ª—è—Ä–Ω–æ—Å—Ç—å ‚Äî –∫–ª—é—á –∫ —É—Å–ø–µ—Ö—É. –ö—Ç–æ-—Ç–æ –¥–µ–ª–∞–µ—Ç —ç—Ç–æ –∫–∞–∂–¥—ã–π –¥–µ–Ω—å, –∫—Ç–æ-—Ç–æ —Ä–∞–∑ –≤ –Ω–µ–¥–µ–ª—é, –∞ –∫—Ç–æ-—Ç–æ –∂–¥—ë—Ç –≤–¥–æ—Ö–Ω–æ–≤–µ–Ω–∏—è. –¢–≤–æ–π –≥—Ä–∞—Ñ–∏–∫ –Ω–∞–±–ª—é–¥–µ–Ω–∏–π –æ–ø—Ä–µ–¥–µ–ª–∏—Ç, –Ω–∞—Å–∫–æ–ª—å–∫–æ –∞–∫—Ç–∏–≤–Ω—ã–º –±—É–¥–µ—Ç —Ç–≤–æ–π –ø–æ–¥—Ö–æ–¥.",–†–∞–∑ –≤ –Ω–µ–¥–µ–ª—é –∏–ª–∏ —Ä–µ–∂–µ,"–û—Ç–ª–∏—á–Ω–æ, —Ç—ã –Ω–µ –≥–æ–Ω–∏—à—å—Å—è –∑–∞ —Å–∫–æ—Ä–æ—Å—Ç—å—é, –∞ —Å—Ç—Ä–æ–∏—à—å –¥–æ–ª–≥–æ—Å—Ä–æ—á–Ω—ã–µ –ø–ª–∞–Ω—ã.",6,"*–ü–∞—Å—Å–∏–≤–Ω—ã–π —Ä–µ–∞–ª–∏—Å—Ç*
–¢—ã –Ω–µ –≥–æ–Ω–∏—à—å—Å—è –∑–∞ –∫–∞–∂–¥—ã–º —Ç—Ä–µ–Ω–¥–æ–º, –∞ —Å—Ç—Ä–æ–∏—à—å –¥–æ–ª–≥–æ—Å—Ä–æ—á–Ω—ã–µ –ø–ª–∞–Ω—ã. –≠—Ç–æ –∑—Ä–µ–ª—ã–π –ø–æ–¥—Ö–æ–¥, –µ—Å–ª–∏ —Ç—ã –Ω–µ –∑–∞–±—ã–≤–∞–µ—à—å –æ —Å–µ–±–µ.",–ù–µ—Ç,üóìÔ∏è
1,5,22,"–ö–∞–∫ —á–∞—Å—Ç–æ —Ç—ã —Ä–∞–±–æ—Ç–∞–µ—à—å –Ω–∞–¥ —Å–≤–æ–∏–º–∏ —Ü–µ–ª—è–º–∏? –†–µ–≥—É–ª—è—Ä–Ω–æ—Å—Ç—å ‚Äî –∫–ª—é—á –∫ —É—Å–ø–µ—Ö—É. –ö—Ç–æ-—Ç–æ –¥–µ–ª–∞–µ—Ç —ç—Ç–æ –∫–∞–∂–¥—ã–π –¥–µ–Ω—å, –∫—Ç–æ-—Ç–æ —Ä–∞–∑ –≤ –Ω–µ–¥–µ–ª—é, –∞ –∫—Ç–æ-—Ç–æ –∂–¥—ë—Ç –≤–¥–æ—Ö–Ω–æ–≤–µ–Ω–∏—è. –¢–≤–æ–π –≥—Ä–∞—Ñ–∏–∫ –Ω–∞–±–ª—é–¥–µ–Ω–∏–π –æ–ø—Ä–µ–¥–µ–ª–∏—Ç, –Ω–∞—Å–∫–æ–ª—å–∫–æ –∞–∫—Ç–∏–≤–Ω—ã–º –±—É–¥–µ—Ç —Ç–≤–æ–π –ø–æ–¥—Ö–æ–¥.",–°–æ–≤—Å–µ–º –Ω–µ —Ä–∞–±–æ—Ç–∞—é ‚Äî –ø–æ–∫–∞ –Ω–µ –Ω–∞—à—ë–ª(–ª–∞) –º–æ—Ç–∏–≤–∞—Ü–∏—é,"–û—Ç–ª–∏—á–Ω–æ, —Ç—ã –¥–æ–≤–µ—Ä—è–µ—à—å —Å–µ–±–µ –∏ —Å–≤–æ–µ–º—É –≤—Ä–µ–º–µ–Ω–∏. –°–µ–π—á–∞—Å —è –ø–æ–¥—Å–∫–∞–∂—É, –∫–∞–∫ –Ω–∞—á–∞—Ç—å –±–µ–∑ –¥–∞–≤–ª–µ–Ω–∏—è.",6,"*–°–∞–º–æ—Å—Ç–æ—è—Ç–µ–ª—å–Ω—ã–π –º–µ—á—Ç–∞—Ç–µ–ª—å*
–¢—ã –Ω–µ –∑–∞–≤–∏—Å–∏—à—å –æ—Ç –º–Ω–µ–Ω–∏–π –¥—Ä—É–≥–∏—Ö –∏ –ø—Ä–∏–Ω–∏–º–∞–µ—à—å —Ä–µ—à–µ–Ω–∏—è –æ—Å–æ–∑–Ω–∞–Ω–Ω–æ. –≠—Ç–æ –∑—Ä–µ–ª—ã–π –ø–æ–¥—Ö–æ–¥, –µ—Å–ª–∏ —Ç—ã –Ω–µ –æ—Å—Ç–∞–µ—à—å—Å—è –≤ –∑–∞—Å—Ç–æ–µ.",–ù–µ—Ç,‚è≥
1,6,23,"–û–±—Ä–∞–∑–æ–≤–∞–Ω–∏–µ ‚Äî –æ—Å–Ω–æ–≤–∞ —É—Å–ø–µ—Ö–∞. –°–µ–π—á–∞—Å –º—ã —É–∑–Ω–∞–µ–º, –¥–æ–≤–µ—Ä—è–µ—à—å –ª–∏ —Ç—ã –∏–Ω—Ñ–æ—Ä–º–∞—Ü–∏–∏ –∏–∑ Telegram, TikTok –∏ YouTube, –∏–ª–∏ –ø—Ä–µ–¥–ø–æ—á–∏—Ç–∞–µ—à—å –ø—Ä–æ–≤–µ—Ä–µ–Ω–Ω—ã–µ –∏—Å—Ç–æ—á–Ω–∏–∫–∏.","–î–∞, —á–∞—â–µ –≤—Å–µ–≥–æ","–•–æ—Ä–æ—à–æ, —Ç—ã –¥–æ–≤–µ—Ä—è–µ—à—å –∏–Ω—Ñ–æ—Ä–º–∞—Ü–∏–∏ –∏–∑ —Å–æ—Ü—Å–µ—Ç–µ–π. –°–µ–π—á–∞—Å —è –æ–±—ä—è—Å–Ω—é, –∫–∞–∫ –Ω–µ –ø–æ–ø–∞—Å—Ç—å –≤ –º–æ—à–µ–Ω–Ω–∏–∫–æ–≤.",7,"*–ß–∞—Å—Ç–æ –¥–æ–≤–µ—Ä—è–µ—Ç –∏–Ω—Ñ–æ—Ä–º–∞—Ü–∏–∏*
–¢—ã —á–µ—Ä–ø–∞–µ—à—å –∑–Ω–∞–Ω–∏—è –∏–∑ —Ä–∞–∑–Ω—ã—Ö –∏—Å—Ç–æ—á–Ω–∏–∫–æ–≤, –≤–∫–ª—é—á–∞—è Telegram –∏ YouTube. –≠—Ç–æ –º–æ–∂–µ—Ç –±—ã—Ç—å –ø–æ–ª–µ–∑–Ω–æ, –Ω–æ —Ç—Ä–µ–±—É–µ—Ç –∫—Ä–∏—Ç–∏—á–µ—Å–∫–æ–≥–æ –º—ã—à–ª–µ–Ω–∏—è.",–ù–µ—Ç,üì±
1,6,24,"–û–±—Ä–∞–∑–æ–≤–∞–Ω–∏–µ ‚Äî –æ—Å–Ω–æ–≤–∞ —É—Å–ø–µ—Ö–∞. –°–µ–π—á–∞—Å –º—ã —É–∑–Ω–∞–µ–º, –¥–æ–≤–µ—Ä—è–µ—à—å –ª–∏ —Ç—ã –∏–Ω—Ñ–æ—Ä–º–∞—Ü–∏–∏ –∏–∑ Telegram, TikTok –∏ YouTube, –∏–ª–∏ –ø—Ä–µ–¥–ø–æ—á–∏—Ç–∞–µ—à—å –ø—Ä–æ–≤–µ—Ä–µ–Ω–Ω—ã–µ –∏—Å—Ç–æ—á–Ω–∏–∫–∏.","–ò–Ω–æ–≥–¥–∞ –ø—Ä–æ–≤–µ—Ä—è—é, –∏–Ω–æ–≥–¥–∞ –≤–µ—Ä—é",–¢—ã –Ω–∞—Ö–æ–¥–∏—à—å –±–∞–ª–∞–Ω—Å –º–µ–∂–¥—É –¥–æ–≤–µ—Ä–∏–µ–º –∏ —Å–∫–µ–ø—Ç–∏—Ü–∏–∑–º–æ–º. –≠—Ç–æ –ø—Ä–∞–≤–∏–ª—å–Ω—ã–π –ø–æ–¥—Ö–æ–¥.,7,"*–ë–∞–ª–∞–Ω—Å–∏—Ä—É—é—â–∏–π –º–µ–∂–¥—É –¥–æ–≤–µ—Ä–∏–µ–º –∏ —Å–∫–µ–ø—Ç–∏—Ü–∏–∑–º–æ–º*
–¢—ã –Ω–∞—Ö–æ–¥–∏—à—å –±–∞–ª–∞–Ω—Å –º–µ–∂–¥—É –¥–æ–≤–µ—Ä–∏–µ–º –∏ –æ—Å—Ç–æ—Ä–æ–∂–Ω–æ—Å—Ç—å—é ‚Äî —ç—Ç–æ –ø—Ä–∞–≤–∏–ª—å–Ω—ã–π –ø–æ–¥—Ö–æ–¥ –¥–ª—è —Ä–æ—Å—Ç–∞.",–ù–µ—Ç,ü§∑
1,6,25,"–û–±—Ä–∞–∑–æ–≤–∞–Ω–∏–µ ‚Äî –æ—Å–Ω–æ–≤–∞ —É—Å–ø–µ—Ö–∞. –°–µ–π—á–∞—Å –º—ã —É–∑–Ω–∞–µ–º, –¥–æ–≤–µ—Ä—è–µ—à—å –ª–∏ —Ç—ã –∏–Ω—Ñ–æ—Ä–º–∞—Ü–∏–∏ –∏–∑ Telegram, TikTok –∏ YouTube, –∏–ª–∏ –ø—Ä–µ–¥–ø–æ—á–∏—Ç–∞–µ—à—å –ø—Ä–æ–≤–µ—Ä–µ–Ω–Ω—ã–µ –∏—Å—Ç–æ—á–Ω–∏–∫–∏.","–ù–µ –¥–æ–≤–µ—Ä—è—é, —Ç–æ–ª—å–∫–æ –ø—Ä–æ–≤–µ—Ä–µ–Ω–Ω—ã–µ –∏—Å—Ç–æ—á–Ω–∏–∫–∏","–û—Ç–ª–∏—á–Ω–æ, —Ç—ã –ø—Ä–µ–¥–ø–æ—á–∏—Ç–∞–µ—à—å –ø—Ä–æ–≤–µ—Ä–µ–Ω–Ω—ã–µ –∏—Å—Ç–æ—á–Ω–∏–∫–∏ ‚Äî —ç—Ç–æ –º—É–¥—Ä–æ.",7,"*–î–æ–≤–µ—Ä—è–µ—Ç –ø—Ä–æ–≤–µ—Ä–µ–Ω–Ω—ã–º –∏—Å—Ç–æ—á–Ω–∏–∫–∞–º*
–¢—ã –ø—Ä–µ–¥–ø–æ—á–∏—Ç–∞–µ—à—å –ø—Ä–æ–≤–µ—Ä–µ–Ω–Ω—ã–µ –∏—Å—Ç–æ—á–Ω–∏–∫–∏ –∏ –Ω–µ –ø–æ–¥–≤–µ—Ä–∂–µ–Ω –≤–ª–∏—è–Ω–∏—é —à—É–º–∞. –≠—Ç–æ —Å–Ω–∏–∂–∞–µ—Ç —Ä–∏—Å–∫ –æ—à–∏–±–æ–∫.",–ù–µ—Ç,üîí
1,6,26,"–û–±—Ä–∞–∑–æ–≤–∞–Ω–∏–µ ‚Äî –æ—Å–Ω–æ–≤–∞ —É—Å–ø–µ—Ö–∞. –°–µ–π—á–∞—Å –º—ã —É–∑–Ω–∞–µ–º, –¥–æ–≤–µ—Ä—è–µ—à—å –ª–∏ —Ç—ã –∏–Ω—Ñ–æ—Ä–º–∞—Ü–∏–∏ –∏–∑ Telegram, TikTok –∏ YouTube, –∏–ª–∏ –ø—Ä–µ–¥–ø–æ—á–∏—Ç–∞–µ—à—å –ø—Ä–æ–≤–µ—Ä–µ–Ω–Ω—ã–µ –∏—Å—Ç–æ—á–Ω–∏–∫–∏.",–ù–µ —Å–ª–µ–∂—É –∑–∞ –∫–∞–Ω–∞–ª–∞–º–∏,"–ù–µ —Å–ª–µ–∂—É –∑–∞ –∫–∞–Ω–∞–ª–∞–º–∏ ‚Äî —ç—Ç–æ —Ç–æ–∂–µ –≤–∞—Ä–∏–∞–Ω—Ç. –°–µ–π—á–∞—Å —è –ø–æ–¥—Å–∫–∞–∂—É, –≥–¥–µ –ø–æ–ª—É—á–∏—Ç—å –∫–∞—á–µ—Å—Ç–≤–µ–Ω–Ω—É—é –∏–Ω—Ñ–æ—Ä–º–∞—Ü–∏—é.",7,"*–ù–µ —Å–ª–µ–¥–∏—Ç –∑–∞ –∫–∞–Ω–∞–ª–∞–º–∏*
–¢—ã –Ω–µ –∑–∞–≤–∏—Å–∏—à—å –æ—Ç –º–Ω–µ–Ω–∏–π –¥—Ä—É–≥–∏—Ö –∏ –ø–æ–ª—É—á–∞–µ—à—å –∏–Ω—Ñ–æ—Ä–º–∞—Ü–∏—é –æ—Å–æ–∑–Ω–∞–Ω–Ω–æ. –≠—Ç–æ –∑—Ä–µ–ª—ã–π –ø–æ–¥—Ö–æ–¥.",–ù–µ—Ç,üö´
1,7,27,"–¶–µ–ª—å ‚Äî —ç—Ç–æ –¥–≤–∏–∂—É—â–∞—è —Å–∏–ª–∞ –ª—é–±–æ–≥–æ —á–µ–ª–æ–≤–µ–∫–∞. –•–æ—Ç—å —Ç—ã –∏ –≤ –º–∏—Ä–µ —É—Å–ø–µ—Ö–∞, –≤–∞–∂–Ω–æ –ø–æ–Ω–∏–º–∞—Ç—å, —á–µ–≥–æ —Ç—ã —Ö–æ—á–µ—à—å –¥–æ—Å—Ç–∏—á—å –∑–∞ 6 –º–µ—Å—è—Ü–µ–≤. –≠—Ç–æ –ø–æ–º–æ–∂–µ—Ç —Ç–µ–±–µ –≤—ã–±—Ä–∞—Ç—å –ø—Ä–∞–≤–∏–ª—å–Ω—É—é —Å—Ç—Ä–∞—Ç–µ–≥–∏—é –∏ –Ω–µ —Å–±–∏—Ç—å—Å—è —Å –∫—É—Ä—Å–∞.","–ü–æ–Ω—è—Ç—å, —á–µ–≥–æ —Ö–æ—á—É","–•–æ—Ä–æ—à–æ, —Ç—ã —Ö–æ—á–µ—à—å —Ä–∞–∑–æ–±—Ä–∞—Ç—å—Å—è, —á–µ–≥–æ —Ö–æ—á–µ—à—å. –°–µ–π—á–∞—Å —è –ø–æ–º–æ–≥—É —Ç–µ–±–µ —Å–æ—Å—Ç–∞–≤–∏—Ç—å —Å–ø–∏—Å–æ–∫ –∂–µ–ª–∞–Ω–∏–π.",8,"*–£—á–∞—â–∏–π—Å—è*
–¢—ã —Ö–æ—á–µ—à—å –ø–æ–Ω—è—Ç—å, —á–µ–≥–æ —Ö–æ—á–µ—à—å. –ò–∑—É—á–∏ —Å–≤–æ–∏ —Ü–µ–Ω–Ω–æ—Å—Ç–∏, –∏–Ω—Ç–µ—Ä–µ—Å—ã –∏ —Å—Ç—Ä–∞—Ö–∏ ‚Äî –∏ —Ç–æ–≥–¥–∞ —Å–º–æ–∂–µ—à—å –¥–≤–∏–≥–∞—Ç—å—Å—è —É–≤–µ—Ä–µ–Ω–Ω–æ.",–ù–µ—Ç,üß†
1,7,28,"–¶–µ–ª—å ‚Äî —ç—Ç–æ –¥–≤–∏–∂—É—â–∞—è —Å–∏–ª–∞ –ª—é–±–æ–≥–æ —á–µ–ª–æ–≤–µ–∫–∞. –•–æ—Ç—å —Ç—ã –∏ –≤ –º–∏—Ä–µ —É—Å–ø–µ—Ö–∞, –≤–∞–∂–Ω–æ –ø–æ–Ω–∏–º–∞—Ç—å, —á–µ–≥–æ —Ç—ã —Ö–æ—á–µ—à—å –¥–æ—Å—Ç–∏—á—å –∑–∞ 6 –º–µ—Å—è—Ü–µ–≤. –≠—Ç–æ –ø–æ–º–æ–∂–µ—Ç —Ç–µ–±–µ –≤—ã–±—Ä–∞—Ç—å –ø—Ä–∞–≤–∏–ª—å–Ω—É—é —Å—Ç—Ä–∞—Ç–µ–≥–∏—é –∏ –Ω–µ —Å–±–∏—Ç—å—Å—è —Å –∫—É—Ä—Å–∞.",–†–∞–∑–≤–∏—Ç—å –ø—Ä–∏–≤—ã—á–∫–∏,"–•–æ—Ä–æ—à–æ, —Ç—ã —Ö–æ—á–µ—à—å —Ä–∞–∑–≤–∏—Ç—å –ø—Ä–∏–≤—ã—á–∫–∏. –°–µ–π—á–∞—Å —è –ø–æ–¥—Å–∫–∞–∂—É, —Å —á–µ–≥–æ –Ω–∞—á–∞—Ç—å.",8,"*–¶–µ–ª—å ‚Äî –ª–∏—á–Ω–æ—Å—Ç–Ω—ã–π —Ä–æ—Å—Ç*
–°—Ç—Ä–µ–º–ª–µ–Ω–∏–µ –∫ —Ä–∞–∑–≤–∏—Ç–∏—é ‚Äî –æ–¥–∏–Ω –∏–∑ —Å–∞–º—ã—Ö –≤–∞–∂–Ω—ã—Ö –ø—Ä–∏–∑–Ω–∞–∫–æ–≤ —É—Å–ø–µ—à–Ω–æ–≥–æ —á–µ–ª–æ–≤–µ–∫–∞. –≠—Ç–æ –ø—É—Ç—å, –∫–æ—Ç–æ—Ä—ã–π –ø—Ä–∏–Ω–æ—Å–∏—Ç —Ä–µ–∑—É–ª—å—Ç–∞—Ç.",–ù–µ—Ç,üìà
1,7,29,"–¶–µ–ª—å ‚Äî —ç—Ç–æ –¥–≤–∏–∂—É—â–∞—è —Å–∏–ª–∞ –ª—é–±–æ–≥–æ —á–µ–ª–æ–≤–µ–∫–∞. –•–æ—Ç—å —Ç—ã –∏ –≤ –º–∏—Ä–µ —É—Å–ø–µ—Ö–∞, –≤–∞–∂–Ω–æ –ø–æ–Ω–∏–º–∞—Ç—å, —á–µ–≥–æ —Ç—ã —Ö–æ—á–µ—à—å –¥–æ—Å—Ç–∏—á—å –∑–∞ 6 –º–µ—Å—è—Ü–µ–≤. –≠—Ç–æ –ø–æ–º–æ–∂–µ—Ç —Ç–µ–±–µ –≤—ã–±—Ä–∞—Ç—å –ø—Ä–∞–≤–∏–ª—å–Ω—É—é —Å—Ç—Ä–∞—Ç–µ–≥–∏—é –∏ –Ω–µ —Å–±–∏—Ç—å—Å—è —Å –∫—É—Ä—Å–∞.",–ù–∞—É—á–∏—Ç—å—Å—è –ø—Ä–∏–Ω–∏–º–∞—Ç—å —Ä–µ—à–µ–Ω–∏—è,"–¢—ã —Ö–æ—á–µ—à—å –ø—Ä–∏–Ω–∏–º–∞—Ç—å –ª—É—á—à–∏–µ —Ä–µ—à–µ–Ω–∏—è ‚Äî –æ—Ç–ª–∏—á–Ω–∞—è —Ü–µ–ª—å. –°–µ–π—á–∞—Å –º—ã –ø–æ–¥–±–µ—Ä—ë–º —Ç–µ–±–µ –ø–æ–¥—Ö–æ–¥—è—â–∏–µ –º–µ—Ç–æ–¥–∏–∫–∏.",8,"*–¶–µ–ª—å ‚Äî –ø—Ä–∏–Ω—è—Ç–∏–µ —Ä–µ—à–µ–Ω–∏–π*
–¢—ã —Ö–æ—á–µ—à—å –Ω–µ –ø—Ä–æ—Å—Ç–æ –¥–µ–π—Å—Ç–≤–æ–≤–∞—Ç—å, –∞ –¥–µ–ª–∞—Ç—å —ç—Ç–æ –æ—Å–æ–∑–Ω–∞–Ω–Ω–æ. –≠—Ç–æ –∑—Ä–µ–ª—ã–π –ø–æ–¥—Ö–æ–¥ –∫ –∂–∏–∑–Ω–∏.",–ù–µ—Ç,‚öñÔ∏è
1,7,30,"–¶–µ–ª—å ‚Äî —ç—Ç–æ –¥–≤–∏–∂—É—â–∞—è —Å–∏–ª–∞ –ª—é–±–æ–≥–æ —á–µ–ª–æ–≤–µ–∫–∞. –•–æ—Ç—å —Ç—ã –∏ –≤ –º–∏—Ä–µ —É—Å–ø–µ—Ö–∞, –≤–∞–∂–Ω–æ –ø–æ–Ω–∏–º–∞—Ç—å, —á–µ–≥–æ —Ç—ã —Ö–æ—á–µ—à—å –¥–æ—Å—Ç–∏—á—å –∑–∞ 6 –º–µ—Å—è—Ü–µ–≤. –≠—Ç–æ –ø–æ–º–æ–∂–µ—Ç —Ç–µ–±–µ –≤—ã–±—Ä–∞—Ç—å –ø—Ä–∞–≤–∏–ª—å–Ω—É—é —Å—Ç—Ä–∞—Ç–µ–≥–∏—é –∏ –Ω–µ —Å–±–∏—Ç—å—Å—è —Å –∫—É—Ä—Å–∞.",–°—Ñ–æ—Ä–º–∏—Ä–æ–≤–∞—Ç—å —Å–∏—Å—Ç–µ–º—É —É—Å–ø–µ—Ö–∞,"–û—Ç–ª–∏—á–Ω–æ, —Ç—ã —Ö–æ—á–µ—à—å —Å–æ–∑–¥–∞—Ç—å —Å–∏—Å—Ç–µ–º—É. –°–µ–π—á–∞—Å –º—ã –≤–º–µ—Å—Ç–µ –ø–æ—Å—Ç—Ä–æ–∏–º –µ—ë —à–∞–≥ –∑–∞ —à–∞–≥–æ–º.",8,"*–¶–µ–ª—å ‚Äî —Å–∏—Å—Ç–µ–º–∞ —É—Å–ø–µ—Ö–∞*
–¢—ã —Ö–æ—á–µ—à—å –Ω–µ –ø—Ä–æ—Å—Ç–æ –º–µ–Ω—è—Ç—å –æ—Ç–¥–µ–ª—å–Ω—ã–µ –ø—Ä–∏–≤—ã—á–∫–∏, –∞ —Å—Ç—Ä–æ–∏—Ç—å —Å–∏—Å—Ç–µ–º—É. –≠—Ç–æ –∑—Ä–µ–ª—ã–π –ø–æ–¥—Ö–æ–¥ –∫ —Ä–∞–∑–≤–∏—Ç–∏—é.",–ù–µ—Ç,üèóÔ∏è
1,8,31,"–í–æ—Ç —Ç–≤–æ–π –∏—Ç–æ–≥–æ–≤—ã–π –ø–æ—Ä—Ç—Ä–µ—Ç –∏ —Ä–µ–∫–æ–º–µ–Ω–¥–∞—Ü–∏–∏.",–§–∏–Ω–∞–ª,,,,"–î–∞",üéØ,"*–£–Ω–∏–≤–µ—Ä—Å–∞–ª—å–Ω—ã–π —Å—Ç—Ä–∞—Ç–µ–≥*
–¢—ã —É–º–µ–µ—à—å –∞–¥–∞–ø—Ç–∏—Ä–æ–≤–∞—Ç—å—Å—è. –§–æ–∫—É—Å–∏—Ä—É–π—Å—è –Ω–∞ –æ–¥–Ω–æ–º —Å—Ç–∏–ª–µ ‚Äî —Ç–∞–∫ –ø–æ–≤—ã—Å–∏—à—å —ç—Ñ—Ñ–µ–∫—Ç–∏–≤–Ω–æ—Å—Ç—å –∏ —Å–Ω–∏–∑–∏—à—å —Ö–∞–æ—Å."